A,B,win,lose,draw,timeout,avg_time,avg_crew_left
bastion,bastion,0.457,0.469,0.074,0.006,47.5,0.15
bastion,leviathan,0.000,1.000,0.000,0.000,7.6,0.00
bastion,hare,0.000,1.000,0.000,0.000,22.5,0.00
bastion,wraith,0.526,0.450,0.024,0.024,38.1,0.47
bastion,blink,0.097,0.879,0.024,0.024,29.0,0.47
bastion,sting,0.005,0.000,0.995,0.000,2.8,0.08
bastion,siren,0.948,0.052,0.000,0.000,9.7,0.48
bastion,parrot,0.695,0.305,0.000,0.000,14.6,0.86
leviathan,bastion,1.000,0.000,0.000,0.000,7.6,0.82
leviathan,leviathan,0.475,0.506,0.019,0.000,8.7,0.15
leviathan,hare,0.999,0.001,0.000,0.000,6.4,0.72
leviathan,wraith,0.910,0.090,0.000,0.000,14.0,0.73
leviathan,blink,1.000,0.000,0.000,0.000,8.3,0.87
leviathan,sting,1.000,0.000,0.000,0.000,2.6,0.92
leviathan,siren,1.000,0.000,0.000,0.000,3.3,0.87
leviathan,parrot,0.997,0.003,0.000,0.000,6.6,0.87
hare,bastion,1.000,0.000,0.000,0.000,22.5,0.74
hare,leviathan,0.001,0.999,0.000,0.000,6.4,0.35
hare,hare,0.448,0.533,0.019,0.000,10.2,0.11
hare,wraith,0.984,0.014,0.002,0.002,41.5,0.86
hare,blink,0.195,0.637,0.168,0.168,71.3,0.42
hare,sting,0.401,0.000,0.599,0.000,2.5,0.09
hare,siren,0.979,0.021,0.000,0.000,7.2,0.93
hare,parrot,0.967,0.033,0.000,0.000,8.2,0.84
wraith,bastion,0.450,0.526,0.024,0.024,38.1,0.32
wraith,leviathan,0.090,0.910,0.000,0.000,14.0,0.65
wraith,hare,0.014,0.984,0.002,0.002,41.5,0.69
wraith,wraith,0.492,0.483,0.025,0.003,19.6,0.30
wraith,blink,0.017,0.970,0.013,0.013,33.3,0.37
wraith,sting,0.522,0.000,0.478,0.001,6.2,0.12
wraith,siren,0.044,0.954,0.002,0.002,16.9,0.69
wraith,parrot,0.323,0.669,0.008,0.006,19.3,0.31
blink,bastion,0.879,0.097,0.024,0.024,29.0,0.93
blink,leviathan,0.000,1.000,0.000,0.000,8.3,0.00
blink,hare,0.637,0.195,0.168,0.168,71.3,0.80
blink,wraith,0.970,0.017,0.013,0.013,33.3,0.90
blink,blink,0.477,0.471,0.052,0.052,14.3,0.23
blink,sting,0.256,0.000,0.744,0.000,6.5,0.99
blink,siren,0.995,0.005,0.000,0.000,13.2,0.93
blink,parrot,0.996,0.001,0.003,0.003,20.0,0.95
sting,bastion,0.000,0.005,0.995,0.000,2.8,0.00
sting,leviathan,0.000,1.000,0.000,0.000,2.6,0.00
sting,hare,0.000,0.401,0.599,0.000,2.5,0.00
sting,wraith,0.000,0.522,0.478,0.001,6.2,0.00
sting,blink,0.000,0.256,0.744,0.000,6.5,0.00
sting,sting,0.000,0.000,1.000,0.000,2.4,0.00
sting,siren,0.000,0.000,1.000,0.000,2.6,0.00
sting,parrot,0.000,0.498,0.502,0.000,2.5,0.00
siren,bastion,0.052,0.948,0.000,0.000,9.7,0.11
siren,leviathan,0.000,1.000,0.000,0.000,3.3,0.00
siren,hare,0.021,0.979,0.000,0.000,7.2,0.07
siren,wraith,0.954,0.044,0.002,0.002,16.9,0.25
siren,blink,0.005,0.995,0.000,0.000,13.2,0.14
siren,sting,0.000,0.000,1.000,0.000,2.6,0.00
siren,siren,0.459,0.446,0.095,0.000,14.0,0.07
siren,parrot,0.953,0.047,0.000,0.000,13.4,0.23
parrot,bastion,0.305,0.695,0.000,0.000,14.6,0.63
parrot,leviathan,0.003,0.997,0.000,0.000,6.6,0.21
parrot,hare,0.033,0.967,0.000,0.000,8.2,0.50
parrot,wraith,0.669,0.323,0.008,0.006,19.3,0.73
parrot,blink,0.001,0.996,0.003,0.003,20.0,1.00
parrot,sting,0.498,0.000,0.502,0.000,2.5,1.00
parrot,siren,0.047,0.953,0.000,0.000,13.4,0.67
parrot,parrot,0.413,0.415,0.172,0.158,42.7,0.47
