A,B,win,lose,draw,mutual,timeout,avg_time,avg_crew_left
bastion,bastion,0.000,0.000,1.000,0.000,1.000,90.0,0.00
bastion,leviathan,0.300,0.680,0.020,0.000,0.020,53.1,0.25
bastion,hare,0.000,1.000,0.000,0.000,0.000,19.4,0.00
bastion,wraith,0.000,1.000,0.000,0.000,0.000,21.5,0.00
bastion,blink,0.820,0.140,0.040,0.000,0.040,23.3,0.35
bastion,sting,0.060,0.660,0.280,0.280,0.000,15.1,0.39
bastion,siren,0.000,1.000,0.000,0.000,0.000,9.0,0.00
bastion,parrot,0.000,1.000,0.000,0.000,0.000,12.3,0.00
leviathan,bastion,0.680,0.300,0.020,0.000,0.020,53.1,0.33
leviathan,leviathan,0.380,0.620,0.000,0.000,0.000,17.4,0.19
leviathan,hare,0.140,0.860,0.000,0.000,0.000,26.0,0.12
leviathan,wraith,0.080,0.920,0.000,0.000,0.000,17.4,0.20
leviathan,blink,0.980,0.000,0.020,0.000,0.020,27.7,0.70
leviathan,sting,0.980,0.000,0.020,0.020,0.000,10.1,0.57
leviathan,siren,0.480,0.520,0.000,0.000,0.000,8.3,0.49
leviathan,parrot,0.120,0.880,0.000,0.000,0.000,18.5,0.63
hare,bastion,1.000,0.000,0.000,0.000,0.000,19.4,0.86
hare,leviathan,0.860,0.140,0.000,0.000,0.000,26.0,0.51
hare,hare,0.560,0.440,0.000,0.000,0.000,19.3,0.41
hare,wraith,0.720,0.000,0.280,0.000,0.280,74.3,0.88
hare,blink,0.220,0.180,0.600,0.000,0.600,76.1,0.46
hare,sting,0.720,0.140,0.140,0.140,0.000,16.1,0.28
hare,siren,0.180,0.820,0.000,0.000,0.000,14.6,0.73
hare,parrot,0.300,0.700,0.000,0.000,0.000,24.5,0.45
wraith,bastion,1.000,0.000,0.000,0.000,0.000,21.5,0.81
wraith,leviathan,0.920,0.080,0.000,0.000,0.000,17.4,0.50
wraith,hare,0.000,0.720,0.280,0.000,0.280,74.3,0.00
wraith,wraith,0.420,0.580,0.000,0.000,0.000,30.9,0.32
wraith,blink,0.020,0.300,0.680,0.000,0.680,81.5,0.23
wraith,sting,0.980,0.000,0.020,0.020,0.000,12.6,0.85
wraith,siren,0.020,0.980,0.000,0.000,0.000,23.8,0.05
wraith,parrot,0.480,0.520,0.000,0.000,0.000,21.6,0.50
blink,bastion,0.140,0.820,0.040,0.000,0.040,23.3,0.26
blink,leviathan,0.000,0.980,0.020,0.000,0.020,27.7,0.00
blink,hare,0.180,0.220,0.600,0.000,0.600,76.1,0.37
blink,wraith,0.300,0.020,0.680,0.000,0.680,81.5,0.92
blink,blink,0.000,0.000,1.000,0.000,1.000,90.0,0.00
blink,sting,0.060,0.000,0.940,0.340,0.600,71.3,0.89
blink,siren,0.400,0.380,0.220,0.000,0.220,49.4,0.17
blink,parrot,0.940,0.000,0.060,0.000,0.060,24.9,0.88
sting,bastion,0.660,0.060,0.280,0.280,0.000,15.1,0.76
sting,leviathan,0.000,0.980,0.020,0.020,0.000,10.1,0.00
sting,hare,0.140,0.720,0.140,0.140,0.000,16.1,0.50
sting,wraith,0.000,0.980,0.020,0.020,0.000,12.6,0.00
sting,blink,0.000,0.060,0.940,0.340,0.600,71.3,0.00
sting,sting,0.020,0.000,0.980,0.980,0.000,10.7,0.33
sting,siren,0.000,0.360,0.640,0.640,0.000,9.0,0.00
sting,parrot,0.000,0.560,0.440,0.440,0.000,7.7,0.00
siren,bastion,1.000,0.000,0.000,0.000,0.000,9.0,0.31
siren,leviathan,0.520,0.480,0.000,0.000,0.000,8.3,0.22
siren,hare,0.820,0.180,0.000,0.000,0.000,14.6,0.23
siren,wraith,0.980,0.020,0.000,0.000,0.000,23.8,0.42
siren,blink,0.380,0.400,0.220,0.000,0.220,49.4,0.15
siren,sting,0.360,0.000,0.640,0.640,0.000,9.0,0.27
siren,siren,0.480,0.520,0.000,0.000,0.000,8.0,0.18
siren,parrot,0.740,0.260,0.000,0.000,0.000,24.9,0.34
parrot,bastion,1.000,0.000,0.000,0.000,0.000,12.3,0.87
parrot,leviathan,0.880,0.120,0.000,0.000,0.000,18.5,0.51
parrot,hare,0.700,0.300,0.000,0.000,0.000,24.5,0.56
parrot,wraith,0.520,0.480,0.000,0.000,0.000,21.6,0.59
parrot,blink,0.000,0.940,0.060,0.000,0.060,24.9,0.00
parrot,sting,0.560,0.000,0.440,0.440,0.000,7.7,0.93
parrot,siren,0.260,0.740,0.000,0.000,0.000,24.9,0.24
parrot,parrot,0.640,0.340,0.020,0.000,0.020,21.2,0.57
